<?xml version="1.0" encoding="UTF-8"?>

<!DOCTYPE hibernate-mapping PUBLIC
"-//Hibernate/Hibernate Mapping DTD 3.0//EN"
"http://hibernate.sourceforge.net/hibernate-mapping-3.0.dtd">

<hibernate-mapping package="spring.dto">
    <class name="Quotation" table="quotation_table">
        <id name="qId"/>
        <property name="cName"/>
        <property name="address"/>
        <property name="contact"/>
        <property name="shiftAddress"/>
        <property name="qDetail"/>
        <property name="date"/>       
    </class>
</hibernate-mapping>